profileURL,firstName,lastName,dob,email,location,companies,positions,currentRole,degree,graduationYears,fullName
https://www.linkedin.com/in/sanforddaniel,Hannah,Smith,1999-08-01,erikramirez@example.org,Alaska,"Robbins-Evans; Wells-Charles; Webb, Turner and Williams; Goodman, Pena and Jones",Video editor,Geophysicist/field seismologist,User-centric attitude-oriented help-desk,(1977),Hannah Smith
https://www.linkedin.com/in/osmith,Julie,Miles,1996-02-21,hmack@example.org,Tennessee,"Dixon-Smith; Davis, Smith and Lewis; Patterson LLC; Stewart-Rice; Dawson-Rose","Research officer, government; Teacher, adult education; Paediatric nurse; Seismic interpreter; Producer, television/film/video",Television/film/video producer,Open-architected motivating neural-net,"(2007), (1976), (2001), (1974)",Julie Miles
https://www.linkedin.com/in/dunnmonica,Joshua,Potter,1999-05-04,jennifer84@example.com,Kentucky,Gordon-Gould; Martinez Inc,English as a foreign language teacher,"Lighting technician, broadcasting/film/video",User-centric incremental system engine,(2007),Joshua Potter
https://www.linkedin.com/in/grossphilip,Ronald,Carter,1998-08-15,ilewis@example.com,Minnesota,Kelly-Taylor,"Structural engineer; Product manager; Surveyor, building control; Designer, exhibition/display",Corporate treasurer,Persistent clear-thinking process improvement,"(1994), (1971), (1995), (1994)",Ronald A. Carter
https://www.linkedin.com/in/jerome84,Olivia,Henderson,1994-01-09,tranjack@example.org,Tennessee,"Sanchez-Hill; Lee-Jones; Gross-Diaz; Barton, Buchanan and Velez; Murphy-Palmer","Therapeutic radiographer; Therapist, music; Health and safety inspector","Conservation officer, historic buildings",Re-contextualized well-modulated synergy,"(1972), (2006)",Olivia Henderson
https://www.linkedin.com/in/douglas51,Danielle,Pitts,1997-01-23,marchanna@example.com,Indiana,Greer-Clay; Anderson Group; Carson-Thomas,Science writer; Jewellery designer; Civil Service administrator,Operational investment banker,Ergonomic multimedia paradigm,"(1998), (1981)",Danielle Pitts
https://www.linkedin.com/in/olsonnicholas,Christy,Thompson,1998-08-08,david70@example.net,Georgia,Russell Ltd; Morris Ltd,"Scientist, clinical (histocompatibility and immunogenetics)",Patent attorney,Synergistic responsive portal,"(1979), (2020)",Christy Thompson
https://www.linkedin.com/in/englishmadeline,Brandy,Gutierrez,1995-03-14,mark08@example.org,Arizona,"Hood Inc; Graves, Sims and Johns; Allen, Perkins and Anderson",Counsellor,Agricultural engineer,Innovative high-level migration,"(1989), (2000), (2011), (1978)",Brandy D. Gutierrez
https://www.linkedin.com/in/uelliott,Abigail,Gamble,1993-08-11,thompsonkathleen@example.org,Alabama,"Willis PLC; Miller-Castillo; Ortega, Le and West; Smith-Aguilar; Scott Ltd",Medical technical officer,"Designer, television/film set",Open-architected contextually-based array,(1972),Abigail P. Gamble
https://www.linkedin.com/in/zshaw,Emily,Pierce,1994-09-10,nflowers@example.com,Nebraska,Williams-Figueroa; Jackson PLC; Hamilton-Burnett,"Sound technician, broadcasting/film/video; Health physicist; Teacher, secondary school",Advice worker,Grass-roots didactic attitude,"(2016), (1979)",Emily E. Pierce
https://www.linkedin.com/in/taylorjames,Patrick,Jackson,1995-02-19,jamesjennings@example.net,Minnesota,Clark PLC; Martin-Hughes,Market researcher,Financial adviser,Robust reciprocal artificial intelligence,"(1987), (2007), (2013)",Patrick Q. Jackson
https://www.linkedin.com/in/millssteven,Christopher,Paul,1995-01-09,bbrown@example.com,Arkansas,"Hawkins, Williams and Waller; Martinez Ltd",Data processing manager,Economist,Switchable modular workforce,(1977),Christopher R. Paul
https://www.linkedin.com/in/pereztina,Rebecca,Salinas,1998-02-28,brandon26@example.org,South Carolina,"Young-King; Hensley, Carroll and Guzman; Mcintosh, Compton and Brown; Robinson, Mclean and Gordon",Warden/ranger; Recruitment consultant; Manufacturing systems engineer,"Engineer, drilling",Switchable zero-defect algorithm,"(1977), (1975), (1975)",Rebecca Salinas
https://www.linkedin.com/in/james62,Derek,Anderson,1998-08-06,ericfoster@example.net,Oregon,"Foster LLC; Watson, Dawson and Taylor",Trade mark attorney; Claims inspector/assessor; Hospital doctor,Copy,Reduced eco-centric software,"(2018), (1986), (1970), (1975)",Derek Anderson
https://www.linkedin.com/in/joannrhodes,Larry,West,1994-08-04,debra81@example.net,Maine,"Smith, Ballard and Cunningham; Fitzgerald, Gonzalez and Horn; Potts-Grant; Mullins, Shah and Thompson; Hanna, Watkins and Fletcher",Firefighter,Meteorologist,Robust directional secured line,(1970),Larry I. West
https://www.linkedin.com/in/aliciamoreno,Robert,Fuentes,1998-03-02,hvargas@example.net,Florida,"Holt Ltd; Keller, Guerrero and Lee; Powell-Salas; Rodriguez-Hunt",Estate agent,"Engineer, mining",Total value-added database,"(1991), (1996)",Robert Fuentes
https://www.linkedin.com/in/jamesberger,Stephanie,Martinez,1999-01-14,mmorgan@example.org,Indiana,Cook-Anderson; Logan-Mcclain,Health and safety adviser; Ecologist; Rural practice surveyor; Geophysical data processor; Oncologist,Production manager,Persistent empowering time-frame,"(2010), (1985), (1989), (2005)",Stephanie Martinez
https://www.linkedin.com/in/rjefferson,Stephanie,Nicholson,1996-03-29,drodriguez@example.com,Wyoming,"Webb, Mclaughlin and Powell; Arnold-Frey; Mack, Hall and Downs; Vaughn-Kelly; Ross, Caldwell and Lopez","Social research officer, government; Soil scientist; Higher education careers adviser; Pharmacist, community; Engineer, production","Lecturer, higher education",Synergized context-sensitive info-mediaries,"(1993), (1994), (2007)",Stephanie M. Nicholson
https://www.linkedin.com/in/kenneth80,Christian,White,1999-07-08,yestrada@example.com,Florida,"Jones Ltd; Wood-Bush; Mosley-Baker; Reynolds PLC; Rivera, Wilkins and Ingram",Armed forces logistics/support/administrative officer; Medical technical officer; Web designer,"Engineer, communications",Devolved solution-oriented middleware,"(2009), (2022), (1982), (1988)",Christian X. White
https://www.linkedin.com/in/mzavala,Shannon,Fox,1994-01-29,james03@example.com,Maine,Powell Inc,Call centre manager; Biomedical engineer; Building control surveyor,Planning and development surveyor,Configurable global knowledgebase,"(2018), (2015), (1993)",Shannon I. Fox
