LinkedIn Profile,Full Name,Date of Birth,Email,Location,Companies,Positions,Current Role,Degree,Graduation Year
https://www.linkedin.com/in/djohnson,Jeffrey Taylor,1995-08-23,brandonfreeman@example.org,Virginia,"Delacruz, Monroe and Booker; Martinez-Cole; Jimenez, Rivera and Brown; Dillon-Hicks; Garcia-Figueroa","Youth worker; Recruitment consultant; Sports administrator; Biochemist, clinical",Prison officer,Streamlined context-sensitive Graphical User Interface,(1971
https://www.linkedin.com/in/jennifer06,Dennis Wood,1995-02-25,iclark@example.net,Maryland,"Evans-Lozano; Miller, Ward and Braun; Soto, Sullivan and Sloan; Mann-Camacho","Surveyor, insurance; Printmaker; Psychologist, prison and probation services; Technical author; Freight forwarder",Learning mentor,Face-to-face multi-tasking array,(1993
https://www.linkedin.com/in/ocabrera,Doris Moore,1994-05-26,dwilliams@example.org,Hawaii,"Roberts Group; Johnson, Stephens and Thompson","Child psychotherapist; Educational psychologist; Clinical molecular geneticist; Scientist, water quality; Scientist, water quality","Civil engineer, contracting",Centralized full-range help-desk,(1995
https://www.linkedin.com/in/dominguezdonna,Monique Barry,1998-03-22,dvang@example.net,Ohio,Hartman Ltd,"Scientist, product/process development; Computer games developer",Paediatric nurse,Pre-emptive 24hour core,(1998
https://www.linkedin.com/in/tmorales,Barry Johnson,1995-04-12,justin64@example.org,Ohio,"White, Cunningham and Andrews; Rodriguez, Boone and Weaver; Brown PLC; Scott Ltd","Therapist, nutritional; Geochemist; Bonds trader; Government social research officer",Data scientist,Persistent 6thgeneration instruction set,(2013
https://www.linkedin.com/in/jeffreyrios,Samuel Bishop,1995-07-18,rebecca14@example.com,Ohio,Newman-Crawford; Hernandez-Smith; Fisher Ltd,"IT sales professional; Retail merchandiser; Secretary, company; Surveyor, insurance","Designer, graphic",Ameliorated zero administration project,(1993
https://www.linkedin.com/in/scottrodriguez,Joseph Barber,1994-05-26,powellnancy@example.org,Maryland,Stewart-Dunn,"Teacher, early years/pre; Engineer, civil (contracting",Commercial/residential surveyor,Triple-buffered client-driven analyzer,(1997
https://www.linkedin.com/in/lrodriguez,Margaret James,1996-01-05,tamara07@example.org,New Mexico,Lucas Group; Mcgee Group,"Scientist, marine; Theatre director; Surveyor, commercial/residential; Analytical chemist; Transport planner",Ambulance person,Optimized grid-enabled Graphic Interface,(1975
https://www.linkedin.com/in/robert04,Michelle Trevino,1993-12-23,lori07@example.org,Florida,"Walker-Bell; Harris-Townsend; Turner, Bullock and Garcia","Press photographer; Visual merchandiser; Telecommunications researcher; Special educational needs teacher; Administrator, local government","Surveyor, minerals",Fully-configurable 5thgeneration portal,(1980
https://www.linkedin.com/in/cole39,Lisa Dominguez,1994-03-18,campbellnatalie@example.org,Florida,"Avery, Espinoza and Richardson; Velasquez, Jones and Robinson","Education officer, community; Social research officer, government",Freight forwarder,Devolved background parallelism,(1985
https://www.linkedin.com/in/cynthia52,Angela Barry,1993-08-16,georgemay@example.org,Minnesota,"Bishop-Edwards; White and Sons; Walker, Jackson and Hess; White, Weaver and Brooks; Wagner, Harrison and Francis","Programmer, systems; Immunologist; Medical laboratory scientific officer; Hydrologist","Conservation officer, nature",Customizable reciprocal installation,(1979
https://www.linkedin.com/in/bcabrera,Marie White,1996-05-12,christinejones@example.com,Arkansas,"Baker, Ramirez and Riddle","Programmer, systems; Gaffer; Prison officer; Psychologist, occupational",Toxicologist,Implemented uniform toolset,(1992
https://www.linkedin.com/in/sheryltaylor,Philip Miranda,1996-01-03,cburns@example.com,California,Williams Group; Mcdonald-Donovan,Emergency planning/management officer; Community education officer; Clinical cytogeneticist,"Runner, broadcasting/film/video",Optional full-range toolset,(1996
https://www.linkedin.com/in/sherri22,Michelle Young,1993-11-19,mdavenport@example.com,Alaska,Graham Group,Editorial assistant; Local government officer; Training and development officer,Immigration officer,Distributed holistic instruction set,(1994
https://www.linkedin.com/in/barry56,Diana Green,1996-01-11,kvasquez@example.com,Minnesota,"Price, Bryant and Love","Drilling engineer; Pilot, airline",Museum education officer,Organized neutral extranet,(1998
https://www.linkedin.com/in/zblair,Christopher Williams,1995-12-20,robert98@example.com,Connecticut,Vasquez-Singh,Human resources officer; Teaching laboratory technician; Data processing manager,"Social research officer, government",Compatible object-oriented product,(2001
https://www.linkedin.com/in/ariana05,Jeffrey Harris,1995-06-20,billy59@example.com,Virginia,Jackson-Trujillo; Armstrong-Williams; Mcguire and Sons; Sullivan-Johnson; Sherman-Jensen,Camera operator; Database administrator; Housing manager/officer,Drilling engineer,Fundamental 24/7 function,(1993
https://www.linkedin.com/in/vanceariel,Jeffrey Clark,1997-12-17,john79@example.com,Wyoming,"Edwards, Stone and Williams","Hospital pharmacist; Geologist, engineering; Corporate treasurer; Psychologist, prison and probation services; Bookseller",Cytogeneticist,Multi-layered grid-enabled extranet,(1999
https://www.linkedin.com/in/james45,Diane Miller,1995-08-12,omorris@example.com,Maine,"Johnston, Travis and Hutchinson; Vargas, Fisher and Wilcox; Fields and Sons","Holiday representative; Teacher, secondary school; Warehouse manager; Solicitor",Risk manager,Up-sized context-sensitive system engine,(1995
https://www.linkedin.com/in/daniel29,Barry Smith,1995-05-12,schroederdaniel@example.org,Utah,"Powell-Molina; Mendez, Aguilar and Matthews; Mccoy, Jennings and Boone; Li-Foster",Pathologist; Purchasing manager; Land/geomatics surveyor; Veterinary surgeon; Cartographer,"Geneticist, molecular",Ergonomic cohesive infrastructure,(1999
https://www.linkedin.com/in/duncanelizabeth,Maurice Miller,1994-08-22,adamspatrick@example.org,Maryland,"Robinson, Shaw and Price",Transport planner; Records manager; Glass blower/designer,Environmental consultant,Profit-focused content-based process improvement,(1991
https://www.linkedin.com/in/perrybrian,Donald Deleon,1994-04-18,ghughes@example.net,Ohio,"Lawrence-Phillips; Osborne, Houston and Nelson","Tourism officer; Teacher, early years/pre; Embryologist, clinical",Software engineer,Phased 6thgeneration database,(1997
https://www.linkedin.com/in/ssmith,Michael Garcia,1998-09-04,dcunningham@example.net,Minnesota,"Diaz, Pierce and Ellison; Mccormick-Bowers","Scientist, marine; Chemist, analytical; Sport and exercise psychologist; Arts administrator",Cabin crew,Configurable modular groupware,(1993
https://www.linkedin.com/in/chloe01,Michelle Lewis,1996-04-25,wanda60@example.org,Minnesota,Santos-Jennings; Vasquez PLC; Martinez Inc; Perez Group,Technical author; Occupational hygienist; Pension scheme manager; Geochemist; Research scientist (life sciences,Biomedical scientist,Versatile clear-thinking success,(1997
https://www.linkedin.com/in/robert27,Donna Roberts,1996-03-17,erica76@example.com,Oregon,"Fletcher-Smith; Sanchez, Collins and Estrada; Patton PLC; Harrington, Davis and Joseph",Tourist information centre manager,Paramedic,Down-sized homogeneous core,(1971
https://www.linkedin.com/in/luis06,Anthony Johnson,1997-05-31,lauragraves@example.com,Utah,"Becker, Collins and Perkins; Chavez, Osborne and Noble; Duran LLC; Russell, Cruz and Hernandez","Psychologist, counselling; Immunologist",Scientific laboratory technician,Cross-platform system-worthy data-warehouse,(1995
https://www.linkedin.com/in/tannergarcia,Michelle Mason,1999-06-29,hernandezadam@example.com,Illinois,Hampton-Bailey,"Health promotion specialist; Biochemist, clinical; Geneticist, molecular; Insurance underwriter; Comptroller",Astronomer,Organic optimizing data-warehouse,(1990
https://www.linkedin.com/in/jamie24,Jeffrey Johnson,1996-09-17,wilkinsashley@example.com,Maine,"Mills and Sons; Weber Ltd; Jackson, Flowers and Hamilton; Graham, Smith and Yates","Market researcher; Clinical scientist, histocompatibility and immunogenetics; Industrial buyer","Surveyor, planning and development",Monitored zero administration hierarchy,(2001
https://www.linkedin.com/in/vasquezrebecca,Anita Miller,1995-04-19,evelyn28@example.net,Michigan,Brown Inc,Scientific laboratory technician; Visual merchandiser; Armed forces training and education officer,Field trials officer,Distributed systemic database,(2016
https://www.linkedin.com/in/donaldwiley,Claire Tran,1996-06-06,aferguson@example.net,Delaware,"Salazar-Moore; Evans-Wiggins; Lee, Moon and Yates","Emergency planning/management officer; Retail manager; Geologist, wellsite; Astronomer",Analytical chemist,Expanded object-oriented capability,(1987
https://www.linkedin.com/in/nicholas41,Jeffrey Joseph,1994-03-10,davisronald@example.net,South Dakota,"Williams PLC; Rodriguez, Haynes and King; Harris Inc; Lee-Fleming; Kelly, Johnson and Brewer","Armed forces logistics/support/administrative officer; Editor, commissioning; Local government officer",Stage manager,Devolved transitional process improvement,(2000
https://www.linkedin.com/in/carol04,Jessica Reyes,1995-04-30,shannon54@example.net,Colorado,"Hopkins-Acosta; Esparza Ltd; Martin Ltd; Smith, Osborne and Collier","Psychiatrist; Scientist, research (physical sciences","Administrator, charities/voluntary organisations",Enhanced directional frame,(1975
https://www.linkedin.com/in/barbaramarquez,Sean Miller,1995-10-21,jonesdaniel@example.net,Oklahoma,Roth LLC,Call centre manager; Social researcher; Energy manager; Metallurgist; Adult guidance worker,Counsellor,Re-contextualized zero-defect hardware,(1997
https://www.linkedin.com/in/christopher95,Victoria Fields,1995-12-26,darrellwilliams@example.org,Colorado,Brooks Ltd; Davis-Hill; Phillips PLC,Legal secretary; Magazine journalist; Financial manager; Merchant navy officer,Higher education lecturer,Reverse-engineered 6thgeneration info-mediaries,(2005
https://www.linkedin.com/in/margaretthomas,Donald Sanders,1995-03-05,rachel56@example.org,Alaska,"Young LLC; Smith-Armstrong; Torres PLC; Martin, Holloway and Greene; Johns, Mclaughlin and Jones","Programmer, systems; Cytogeneticist; IT consultant",Immigration officer,Distributed even-keeled info-mediaries,(2020
https://www.linkedin.com/in/harrisnicole,Vanessa White,1995-09-08,monique43@example.com,Maryland,"Cole, Powers and Vega; Turner-James; Tate Ltd; Owens LLC; Hughes-Brown","Market researcher; Scientist, research (life sciences",Human resources officer,Multi-channeled 3rdgeneration product,(2011
https://www.linkedin.com/in/swallace,Amanda Abbott,1995-05-02,angelapadilla@example.com,Utah,"Buckley PLC; Reese LLC; Gonzalez, Stephens and Garcia; Miller, Cummings and Blankenship","Best boy; Journalist, magazine; Volunteer coordinator; Clinical psychologist","Administrator, Civil Service",Proactive zero-defect middleware,(1990
https://www.linkedin.com/in/kathy93,Christian Osborne,1993-09-29,cjones@example.net,Colorado,"Miller, Hernandez and Foster","Psychologist, forensic; Tourism officer; Information officer",Gaffer,Distributed reciprocal instruction set,(1975
https://www.linkedin.com/in/acevedomason,Jeffrey Ross,1995-10-28,nancy08@example.net,Illinois,Lee and Sons,"Journalist, newspaper; Best boy; Accounting technician","Production assistant, radio",Mandatory optimizing capacity,(1992
https://www.linkedin.com/in/deborah05,Jennifer Bartlett,1997-09-28,michaelwall@example.org,Maryland,"Brewer-Pena; Taylor-Sanchez; Duarte Inc; Burton-Smith; Johnson, Howard and Tapia","Chief Operating Officer; Chemist, analytical; Cartographer; Editor, commissioning",Pensions consultant,Managed tertiary secured line,(1975
https://www.linkedin.com/in/evanslance,Jeffrey Vasquez,1995-10-05,sherryrobbins@example.org,California,Bennett-Palmer,Brewing technologist; Medical secretary; Jewellery designer; Regulatory affairs officer; Medical sales representative,Consulting civil engineer,Enhanced composite emulation,(2015
https://www.linkedin.com/in/paul74,Michelle Patrick,1996-12-04,nicolebauer@example.com,Iowa,"Smith, Butler and Brooks; Nichols and Sons; Jacobs-Rios; Middleton, Bridges and Wood; Burton-Martinez","Health visitor; Pharmacist, community; Intelligence analyst; Civil engineer, consulting",Applications developer,Seamless client-server functionalities,(2001
https://www.linkedin.com/in/cynthiamcmillan,Vanessa Rose,1995-09-02,nfrazier@example.org,Kentucky,Deleon Group,"Insurance account manager; Production assistant, television","Scientist, biomedical",Persistent stable collaboration,(1997
https://www.linkedin.com/in/tonyacook,Omar Bell,1995-04-15,heatherchoi@example.net,Pennsylvania,Harris-Haynes; Abbott-Stone; Collins-Bruce; Calhoun Ltd; Hernandez-Gonzalez,"Electrical engineer; Engineer, manufacturing; Drilling engineer",Armed forces technical officer,Public-key regional task-force,(1995
https://www.linkedin.com/in/garciawilliam,Jasmine Miller,1997-10-23,bryan62@example.com,Kentucky,"Dean, Miller and Hood; Avery-Bowen","Engineer, water; Retail merchandiser; Geneticist, molecular","Surveyor, rural practice",Optimized object-oriented throughput,(2009
https://www.linkedin.com/in/christyjones,Jeffery Williams,1995-06-02,swallace@example.net,South Carolina,Roberts-Burton; Estrada Inc; Davis-Bowen,"Administrator, Civil Service","Scientist, product/process development",Sharable interactive customer loyalty,(1997
https://www.linkedin.com/in/gillchristopher,Joseph Li,1996-11-12,smithkaren@example.org,Iowa,"Johnson PLC; Mills, Saunders and Harrison; Gonzalez, Morton and Ferguson","Best boy; Probation officer; Engineer, maintenance (IT","Biochemist, clinical",Devolved optimal moderator,(2023
https://www.linkedin.com/in/martha54,Jeffrey Ramos,1996-11-12,reynoldsbrian@example.com,Kansas,Moore Inc; Sims-Mcdaniel; Grant-Richardson,Horticultural consultant; Make,Travel agency manager,Implemented fault-tolerant secured line,(1997
https://www.linkedin.com/in/donaldrojas,Joseph Fisher,1997-09-12,christopherchavez@example.org,Maryland,Morris-Rubio,"Designer, fashion/clothing; Advice worker","Optician, dispensing",Exclusive local Internet solution,(2002
https://www.linkedin.com/in/abrewer,Tiffany Webster,1995-03-10,phillipsrobert@example.com,Massachusetts,Johnson Inc; Lee-Rogers; Chapman-Thompson,"Designer, furniture; Personal assistant; Ecologist; Osteopath","Programmer, systems",Distributed incremental customer loyalty,(1975
https://www.linkedin.com/in/egomez,Joseph Williams,1999-04-08,edwardssandra@example.org,Arizona,"Cruz, Silva and Bryant; Crawford LLC; Smith, Miller and Kane; Jackson-Perry; Hall, Gallagher and Watson",Volunteer coordinator,Legal executive,Advanced interactive functionalities,(2022
https://www.linkedin.com/in/gillmaria,Jessica Lam,1998-05-14,syoung@example.com,Arizona,"Kennedy-Cross; Hall and Sons; Stevens, Mcdonald and Howard",Dealer; Camera operator; Armed forces logistics/support/administrative officer; General practice doctor,Chemical engineer,Cross-group analyzing neural-net,(2001
https://www.linkedin.com/in/taylorbenjamin,Margaret Harris,1997-06-22,robert32@example.org,Delaware,"Murillo, Porter and Sharp; Moss, Jackson and Byrd; Rodriguez LLC; Lawrence PLC",Graphic designer; Waste management officer; Forensic psychologist; Trading standards officer,"Research officer, trade union",Persevering mobile protocol,(1999
https://www.linkedin.com/in/amarquez,Donna Rice,1994-11-06,jessicasmith@example.net,California,"Norris LLC; Ferguson, Graham and Romero; Clark, Villanueva and Martinez","Administrator, local government; Pilot, airline; Haematologist; Ceramics designer; Clinical research associate",Operations geologist,Organized bifurcated moratorium,(1993
https://www.linkedin.com/in/tonysmith,Margaret Morris,1998-09-17,roblespatricia@example.org,Colorado,"Gonzalez, Reyes and Ramirez; Flores, Copeland and Carpenter; Luna, Rodriguez and Smith; Kennedy, Hodges and Long","Surveyor, land/geomatics; Prison officer",Speech and language therapist,Exclusive maximized application,(2004
https://www.linkedin.com/in/jeffreycampbell,Amber Mason,1997-08-19,vhill@example.org,Delaware,Miller-Hernandez,"Telecommunications researcher; Conservator, museum/gallery",Environmental consultant,Robust homogeneous encryption,(1990